Date,Day of Week,Sales
2012-03-16,Friday,435.65
2011-12-31,Saturday,239.35
2012-03-13,Tuesday,137.25
2012-02-02,Thursday,531.35
2011-10-25,Tuesday,428.6
2011-01-26,Wednesday,509.25
2011-10-26,Wednesday,620.1
2011-01-25,Tuesday,348.0
2011-10-23,Sunday,1043.15
2011-01-28,Friday,776.1
2011-10-24,Monday,270.0
2011-10-29,Saturday,1057.7
2011-10-30,Sunday,875.05
2011-01-27,Thursday,458.85
2011-10-27,Thursday,469.35
2011-10-28,Friday,758.65
2012-02-08,Wednesday,404.25
2011-01-30,Sunday,396.35
2007-10-08,Monday,495.25
2012-02-07,Tuesday,273.25
2007-10-09,Tuesday,210.0
2011-10-31,Monday,233.45
2011-01-29,Saturday,628.8
2007-10-06,Saturday,1118.75
2011-11-01,Tuesday,302.2
2007-10-07,Sunday,941.75
2011-02-01,Tuesday,513.6
2012-02-04,Saturday,992.15
2007-10-04,Thursday,351.5
2011-01-31,Monday,306.75
2011-12-12,Monday,230.2
2012-02-06,Monday,195.0
2012-02-05,Sunday,479.85
2011-12-30,Friday,401.15
2007-10-05,Friday,803.75
2011-02-03,Thursday,585.55
2011-12-11,Sunday,256.95
2007-10-02,Tuesday,547.5
2011-02-02,Wednesday,451.1
2012-02-01,Wednesday,428.9
2007-10-03,Wednesday,580.25
2011-07-16,Saturday,1191.8
2012-03-17,Saturday,636.35
2011-07-15,Friday,888.35
2007-10-10,Wednesday,398.75
2011-07-22,Friday,1083.55
2007-10-11,Thursday,376.5
2012-01-12,Thursday,457.65
2007-12-21,Friday,444.6
2011-07-21,Thursday,840.5
2012-01-13,Friday,639.0
2011-07-20,Wednesday,1210.35
2007-12-20,Thursday,453.2
2011-07-19,Tuesday,1065.55
2011-05-13,Friday,773.15
2011-05-14,Saturday,823.7
2011-05-11,Wednesday,595.35
2011-05-12,Thursday,628.05
2011-05-09,Monday,648.2
2011-12-06,Tuesday,178.5
2011-05-10,Tuesday,659.9
2011-05-07,Saturday,1080.05
2011-05-08,Sunday,825.7
2007-12-17,Monday,331.75
2011-12-05,Monday,347.15
2011-05-05,Thursday,782.6
2011-05-06,Friday,885.0
2010-11-23,Tuesday,495.05
2007-12-16,Sunday,472.5
2011-10-14,Friday,1165.65
2010-11-22,Monday,289.1
2010-11-19,Friday,310.0
2010-11-18,Thursday,409.15
2007-12-19,Wednesday,308.25
2010-11-21,Sunday,419.35
2011-10-13,Thursday,649.65
2010-11-20,Saturday,394.1
2007-12-18,Tuesday,388.5
2007-12-13,Thursday,330.9
2007-12-12,Wednesday,297.15
2007-12-15,Saturday,419.7
2010-11-15,Monday,423.3
2007-12-14,Friday,279.5
2008-09-04,Thursday,966.0
2011-10-16,Sunday,744.1
2008-09-05,Friday,1434.75
2008-09-06,Saturday,1442.0
2008-09-07,Sunday,695.0
2008-08-31,Sunday,1252.5
2010-11-14,Sunday,782.8
2011-10-15,Saturday,1045.45
2010-11-17,Wednesday,476.45
2008-09-01,Monday,1213.0
2008-09-02,Tuesday,789.25
2011-10-18,Tuesday,382.1
2010-11-16,Tuesday,301.85
2011-10-17,Monday,688.55
2008-06-13,Friday,995.9
2010-04-17,Saturday,1034.1
2011-10-20,Thursday,556.2
2008-09-03,Wednesday,950.25
2008-06-12,Thursday,1080.75
2010-04-16,Friday,767.55
2008-02-06,Wednesday,488.9
2011-10-19,Wednesday,662.3
2008-02-05,Tuesday,416.4
2008-02-04,Monday,306.2
2010-04-09,Friday,1294.95
2008-02-03,Sunday,888.15
2008-02-10,Sunday,526.75
2011-10-22,Saturday,1317.9
2008-02-09,Saturday,1111.1
2010-04-08,Thursday,769.85
2011-10-21,Friday,1142.6
2008-02-08,Friday,741.95
2008-02-07,Thursday,537.95
2010-04-11,Sunday,308.4
2012-01-06,Friday,740.75
2008-04-23,Wednesday,621.4
2010-04-10,Saturday,642.35
2012-01-07,Saturday,925.85
2008-04-24,Thursday,627.08
2010-04-13,Tuesday,479.85
2008-04-25,Friday,1189.0
2012-01-08,Sunday,377.95
2008-04-26,Saturday,1621.25
2010-04-12,Monday,318.7
2008-04-27,Sunday,1221.75
2012-01-09,Monday,435.55
2010-04-15,Thursday,559.25
2008-04-28,Monday,693.5
2012-01-10,Tuesday,292.7
2010-04-14,Wednesday,344.6
2008-04-29,Tuesday,528.45
2008-04-30,Wednesday,852.7
2010-08-25,Wednesday,820.85
2008-10-09,Thursday,614.85
2010-04-21,Wednesday,311.35
2012-01-11,Wednesday,433.65
2010-08-26,Thursday,620.55
2012-01-04,Wednesday,465.4
2008-10-08,Wednesday,744.75
2010-08-27,Friday,804.8
2012-03-12,Monday,257.9
2008-10-05,Sunday,685.0
2012-03-22,Thursday,668.3
2008-10-04,Saturday,942.75
2010-08-28,Saturday,918.75
2012-01-05,Thursday,332.9
2008-10-07,Tuesday,527.6
2012-03-23,Friday,711.95
2010-08-29,Sunday,925.1
2008-10-06,Monday,477.5
2008-10-01,Wednesday,500.25
2012-01-21,Saturday,617.5
2010-08-30,Monday,540.95
2008-09-30,Tuesday,521.6
2012-01-20,Friday,362.45
2010-08-31,Tuesday,528.05
2012-01-19,Thursday,120.0
2008-10-03,Friday,771.25
2010-09-01,Wednesday,1190.25
2012-01-18,Wednesday,176.75
2010-09-02,Thursday,793.65
2008-10-02,Thursday,309.6
2012-01-17,Tuesday,259.7
2010-09-03,Friday,960.7
2008-07-03,Thursday,719.75
2012-01-16,Monday,383.5
2009-03-23,Monday,692.25
2010-09-04,Saturday,921.7
2012-01-15,Sunday,632.65
2008-06-21,Saturday,1477.95
2009-03-22,Sunday,644.38
2011-03-24,Thursday,299.85
2008-06-20,Friday,1651.75
2012-01-14,Saturday,555.95
2009-03-21,Saturday,737.3
2010-04-26,Monday,276.15
2007-11-19,Monday,257.75
2012-03-09,Friday,1031.85
2009-03-20,Friday,928.25
2012-01-23,Monday,242.4
2007-11-20,Tuesday,355.75
2010-04-27,Tuesday,306.2
2012-01-22,Sunday,165.25
2009-03-19,Thursday,797.75
2011-06-11,Saturday,1070.95
2007-11-13,Tuesday,542.0
2012-03-20,Tuesday,412.45
2007-11-14,Wednesday,430.0
2009-03-18,Wednesday,728.25
2011-06-10,Friday,1271.05
2007-11-11,Sunday,507.0
2012-03-21,Wednesday,608.2
2009-03-17,Tuesday,620.25
2011-06-09,Thursday,1128.2
2007-11-12,Monday,399.0
2012-03-18,Sunday,584.5
2011-06-08,Wednesday,755.35
2009-03-16,Monday,443.25
2007-11-17,Saturday,612.75
2011-06-07,Tuesday,720.1
2012-02-10,Friday,495.2
2009-03-15,Sunday,393.5
2007-11-18,Sunday,527.75
2009-03-14,Saturday,755.0
2011-06-06,Monday,449.95
2011-10-11,Tuesday,533.9
2007-11-15,Thursday,416.0
2011-06-05,Sunday,648.95
2009-05-05,Tuesday,687.0
2007-11-16,Friday,489.75
2011-10-12,Wednesday,872.45
2008-05-26,Monday,768.5
2012-03-14,Wednesday,233.5
2011-06-04,Saturday,693.9
2009-05-06,Wednesday,447.0
2009-05-03,Sunday,696.25
2009-05-04,Monday,348.25
2008-05-25,Sunday,939.25
2012-03-15,Thursday,348.75
2011-07-24,Sunday,1088.0
2009-05-09,Saturday,1300.04
2008-05-24,Saturday,786.5
2011-10-07,Friday,1164.7
2011-06-13,Monday,849.55
2008-05-23,Friday,883.7
2009-05-10,Sunday,1490.5
2011-10-08,Saturday,1039.7
2011-06-12,Sunday,1035.9
2008-05-30,Friday,1080.45
2010-12-17,Friday,300.6
2009-05-07,Thursday,918.75
2011-10-09,Sunday,1049.3
2010-12-18,Saturday,380.35
2008-05-29,Thursday,1004.42
2010-12-15,Wednesday,357.4
2009-05-08,Friday,1321.25
2008-05-28,Wednesday,598.5
2011-10-10,Monday,349.0
2010-12-16,Thursday,405.9
2009-05-11,Monday,797.5
2008-05-27,Tuesday,567.5
2011-10-03,Monday,182.2
2010-12-21,Tuesday,433.2
2009-05-12,Tuesday,637.5
2011-10-04,Tuesday,344.7
2010-12-22,Wednesday,331.35
2008-06-01,Sunday,1042.0
2008-11-15,Saturday,1020.5
2011-10-05,Wednesday,269.1
2008-05-31,Saturday,1250.8
2010-12-19,Sunday,486.4
2008-11-16,Sunday,639.25
2011-10-06,Thursday,358.75
2010-12-20,Monday,333.95
2008-08-22,Friday,954.75
2008-11-13,Thursday,393.25
2012-02-12,Sunday,591.7
2011-03-11,Friday,652.35
2008-08-21,Thursday,1065.7
2008-11-14,Friday,669.25
2011-03-10,Thursday,342.45
2008-08-24,Sunday,770.0
2012-02-11,Saturday,833.0
2008-11-19,Wednesday,312.25
2010-12-23,Thursday,483.2
2008-02-25,Monday,381.0
2011-12-15,Thursday,347.7
2008-11-20,Thursday,334.0
2010-12-24,Friday,431.1
2008-11-17,Monday,408.25
2008-08-26,Tuesday,889.25
2011-12-16,Friday,589.95
2011-03-07,Monday,286.35
2008-08-25,Monday,927.0
2008-11-18,Tuesday,287.25
2011-12-13,Tuesday,240.25
2011-03-06,Sunday,255.8
2008-11-21,Friday,600.25
2011-12-14,Wednesday,368.7
2011-03-09,Wednesday,535.9
2008-08-28,Thursday,917.0
2008-11-22,Saturday,640.25
2011-12-19,Monday,295.15
2011-03-08,Tuesday,383.3
2011-12-20,Tuesday,360.7
2010-03-07,Sunday,1095.95
2010-08-05,Thursday,601.2
2008-08-27,Wednesday,861.5
2010-03-08,Monday,406.55
2010-08-04,Wednesday,623.05
2011-12-17,Saturday,444.45
2008-08-30,Saturday,1106.7
2009-09-11,Friday,1071.5
2008-08-29,Friday,905.75
2010-07-28,Wednesday,627.4
2011-12-18,Sunday,316.95
2012-03-11,Sunday,702.15
2010-07-27,Tuesday,497.1
2008-03-21,Friday,1055.25
2009-09-10,Thursday,710.75
2011-12-21,Wednesday,410.15
2009-07-23,Thursday,716.75
2008-03-20,Thursday,646.2
2010-07-30,Friday,899.15
2010-07-29,Thursday,514.6
2011-12-22,Thursday,449.2
2008-03-19,Wednesday,464.55
2010-08-01,Sunday,741.6
2009-07-22,Wednesday,766.5
2008-03-18,Tuesday,460.75
2010-07-31,Saturday,1133.6
2012-03-06,Tuesday,380.95
2008-03-17,Monday,538.2
2009-07-25,Saturday,1014.5
2009-07-24,Friday,931.25
2008-03-16,Sunday,830.95
2012-01-03,Tuesday,371.65
2010-08-03,Tuesday,632.0
2011-10-02,Sunday,783.9
2010-08-02,Monday,624.9
2008-03-15,Saturday,929.5
2009-07-27,Monday,820.75
2011-10-01,Saturday,1017.7
2011-07-18,Monday,802.75
2008-03-14,Friday,704.45
2009-07-26,Sunday,1054.5
2011-07-17,Sunday,1416.57
2009-07-29,Wednesday,865.5
2008-09-29,Monday,515.25
2012-03-05,Monday,477.65
2009-07-28,Tuesday,666.0
2008-09-08,Monday,349.25
2010-05-23,Sunday,1037.15
2012-03-04,Sunday,1253.25
2009-07-31,Friday,1003.0
2008-09-09,Tuesday,337.25
2010-05-22,Saturday,839.0
2009-07-30,Thursday,710.5
2012-03-07,Wednesday,414.25
2008-03-23,Sunday,1025.95
2010-05-25,Tuesday,178.4
2009-12-24,Thursday,462.55
2008-03-22,Saturday,1129.6
2012-01-02,Monday,626.1
2009-12-26,Saturday,288.32
2008-09-26,Friday,826.75
2010-05-24,Monday,511.9
2011-09-26,Monday,533.8
2009-12-22,Tuesday,597.95
2011-09-25,Sunday,478.65
2008-09-27,Saturday,1003.25
2010-10-13,Wednesday,630.55
2009-09-19,Saturday,1179.25
2011-09-24,Saturday,1051.75
2010-10-14,Thursday,589.3
2008-09-25,Thursday,699.75
2011-09-23,Friday,1198.95
2009-12-20,Sunday,381.9
2008-09-23,Tuesday,772.0
2011-09-30,Friday,877.8
2010-05-21,Friday,767.4
2009-12-21,Monday,301.15
2011-09-29,Thursday,517.5
2010-05-20,Thursday,691.7
2007-06-19,Tuesday,815.0
2010-10-09,Saturday,1144.45
2009-06-06,Saturday,1162.75
2011-09-28,Wednesday,939.85
2007-09-09,Sunday,806.5
2009-06-07,Sunday,1249.75
2011-09-27,Tuesday,717.35
2010-10-10,Sunday,569.55
2007-09-08,Saturday,970.75
2012-02-09,Thursday,405.6
2009-06-08,Monday,604.5
2010-10-11,Monday,753.95
2010-10-12,Tuesday,647.65
2009-06-09,Tuesday,529.25
2007-09-07,Friday,821.25
2012-03-10,Saturday,770.15
2010-10-05,Tuesday,413.35
2007-09-06,Thursday,362.75
2012-02-03,Friday,770.6
2009-06-02,Tuesday,929.0
2010-10-06,Wednesday,557.15
2010-10-07,Thursday,515.1
2007-09-05,Wednesday,632.5
2010-10-08,Friday,1038.85
2011-12-24,Saturday,233.65
2009-06-03,Wednesday,685.25
2007-09-04,Tuesday,623.0
2011-05-03,Tuesday,732.1
2011-12-23,Friday,490.95
2009-06-04,Thursday,964.25
2007-09-03,Monday,808.25
2011-05-04,Wednesday,873.9
2009-06-05,Friday,1132.25
2011-12-27,Tuesday,305.65
2011-04-27,Wednesday,548.1
2011-12-26,Monday,335.05
2007-09-02,Sunday,1297.5
2010-03-03,Wednesday,329.7
2011-04-28,Thursday,594.85
2011-12-29,Thursday,420.85
2007-09-11,Tuesday,336.0
2009-06-10,Wednesday,881.75
2011-04-25,Monday,288.45
2007-09-10,Monday,453.5
2011-12-28,Wednesday,515.65
2009-06-11,Thursday,936.0
2011-04-26,Tuesday,506.15
2007-07-02,Monday,1091.25
2010-03-04,Thursday,474.0
2011-05-01,Sunday,1145.3
2011-09-21,Wednesday,587.65
2007-07-03,Tuesday,1199.0
2010-03-05,Friday,716.45
2011-09-22,Thursday,525.5
2011-05-02,Monday,564.95
2007-06-28,Thursday,1131.0
2010-03-06,Saturday,1099.45
2011-04-29,Friday,835.9
2011-09-19,Monday,819.2
2007-06-29,Friday,1109.0
2011-04-30,Saturday,1344.3
2011-09-20,Tuesday,703.4
2007-06-30,Saturday,1147.5
2009-11-01,Sunday,713.25
2010-04-29,Thursday,495.35
2011-09-17,Saturday,1115.15
2009-11-02,Monday,438.5
2007-07-01,Sunday,1220.25
2011-04-24,Sunday,747.85
2007-06-24,Sunday,1806.5
2011-09-18,Sunday,1326.45
2009-10-30,Friday,982.25
2011-04-23,Saturday,940.85
2007-06-25,Monday,792.0
2011-09-15,Thursday,538.25
2009-10-31,Saturday,330.5
2007-06-26,Tuesday,852.0
2010-04-28,Wednesday,285.4
2011-09-16,Friday,967.25
2011-04-16,Saturday,1206.6
2007-06-27,Wednesday,1139.25
2011-09-13,Tuesday,501.0
2009-11-05,Thursday,429.0
2011-04-15,Friday,844.0
2011-09-14,Wednesday,552.1
2009-11-06,Friday,487.0
2007-12-31,Monday,367.45
2008-01-02,Wednesday,315.45
2012-02-17,Friday,665.15
2011-04-18,Monday,180.25
2009-11-03,Tuesday,604.5
2012-02-18,Saturday,862.65
2007-12-29,Saturday,304.6
2011-04-17,Sunday,920.6
2009-11-04,Wednesday,420.0
2012-02-19,Sunday,564.9
2007-12-30,Sunday,396.7
2011-04-20,Wednesday,195.35
2009-11-07,Saturday,694.75
2012-02-20,Monday,500.8
2007-12-27,Thursday,356.0
2009-11-08,Sunday,527.25
2011-04-19,Tuesday,453.05
2012-02-13,Monday,292.25
2007-12-28,Friday,277.5
2011-04-22,Friday,778.2
2010-01-04,Monday,376.95
2007-12-24,Monday,393.5
2012-02-14,Tuesday,346.25
2011-04-21,Thursday,642.85
2010-01-03,Sunday,561.15
2012-02-15,Wednesday,323.3
2007-12-26,Wednesday,287.5
2010-01-02,Saturday,672.65
2010-05-19,Wednesday,471.0
2007-12-22,Saturday,528.4
2012-02-16,Thursday,464.7
2009-12-31,Thursday,326.8
2015-01-22,Saturday,345.0
2007-12-23,Sunday,403.9
2010-05-07,Friday,1020.95
2012-03-30,Friday,659.55
2008-05-01,Thursday,965.1
2010-01-08,Friday,775.0
2010-05-18,Tuesday,414.1
2012-03-29,Thursday,432.75
2007-10-21,Sunday,709.25
2010-01-07,Thursday,387.95
2012-03-28,Wednesday,585.8
2010-08-07,Saturday,596.65
2010-01-06,Wednesday,487.4
2007-10-20,Saturday,751.0
2011-03-04,Friday,654.6
2012-02-21,Tuesday,435.3
2010-02-28,Sunday,872.65
2008-05-02,Friday,993.95
2012-02-22,Wednesday,493.6
2011-03-05,Saturday,880.8
2007-10-15,Monday,286.25
2012-03-25,Sunday,496.2
2010-01-05,Tuesday,256.0
2011-02-28,Monday,308.85
2007-10-14,Sunday,705.5
2012-03-24,Saturday,206.75
2010-01-10,Sunday,311.95
2011-03-01,Tuesday,457.2
2007-10-13,Saturday,816.5
2012-03-27,Tuesday,258.95
2010-01-09,Saturday,610.45
2011-03-02,Wednesday,405.25
2007-10-12,Friday,356.25
2011-09-12,Monday,566.05
2008-12-23,Tuesday,321.25
2011-03-03,Thursday,458.95
2007-10-19,Friday,553.25
2011-09-11,Sunday,818.05
2011-02-24,Thursday,176.2
2008-12-22,Monday,504.5
2007-10-18,Thursday,399.0
2011-09-08,Thursday,650.25
2011-02-25,Friday,406.95
2008-12-19,Friday,541.0
2007-10-17,Wednesday,395.0
2011-09-07,Wednesday,1030.0
2011-02-26,Saturday,680.5
2008-12-18,Thursday,218.0
2007-10-16,Tuesday,204.5
2011-09-10,Saturday,988.6
2011-02-27,Sunday,508.35
2008-12-21,Sunday,269.25
2008-01-28,Monday,367.35
2011-09-09,Friday,1079.7
2008-12-20,Saturday,614.75
2010-05-27,Thursday,663.36
2011-09-04,Sunday,1209.9
2008-01-29,Tuesday,298.45
2008-12-15,Monday,287.37
2010-05-26,Wednesday,633.95
2011-09-03,Saturday,1070.1
2008-12-14,Sunday,285.0
2011-07-31,Sunday,898.7
2008-01-30,Wednesday,376.55
2011-09-06,Tuesday,897.45
2011-08-01,Monday,772.05
2008-12-17,Wednesday,324.25
2008-01-31,Thursday,141.5
2011-09-05,Monday,930.15
2008-12-16,Tuesday,236.75
2008-01-24,Thursday,263.75
2011-07-29,Friday,965.65
2011-12-01,Thursday,301.2
2011-07-30,Saturday,1181.15
2010-02-27,Saturday,839.4
2008-01-25,Friday,322.2
2011-12-02,Friday,708.4
2011-07-27,Wednesday,907.2
2008-01-26,Saturday,317.75
2010-02-09,Tuesday,397.35
2011-11-27,Sunday,308.1
2011-07-28,Thursday,904.05
2008-01-27,Sunday,279.25
2010-02-10,Wednesday,445.85
2011-11-28,Monday,143.0
2011-07-25,Monday,982.05
2008-06-17,Tuesday,871.0
2010-02-07,Sunday,622.65
2011-11-29,Tuesday,268.0
2008-06-16,Monday,609.0
2011-07-26,Tuesday,850.25
2010-02-08,Monday,354.8
2011-08-02,Tuesday,902.62
2011-11-30,Wednesday,551.65
2008-06-19,Thursday,1010.0
2010-02-13,Saturday,968.35
2011-11-22,Tuesday,580.0
2008-06-18,Wednesday,1317.4
2011-08-03,Wednesday,852.45
2010-02-14,Sunday,779.4
2011-11-23,Wednesday,1022.45
2008-02-01,Friday,590.45
2011-05-24,Tuesday,477.1
2010-02-11,Thursday,303.85
2011-11-25,Friday,484.9
2011-05-23,Monday,644.6
2008-02-02,Saturday,394.7
2010-02-12,Friday,399.9
2011-11-26,Saturday,825.95
2008-06-15,Sunday,1173.5
2011-05-20,Friday,786.25
2010-02-15,Monday,739.2
2012-02-26,Sunday,555.2
2011-05-19,Thursday,512.35
2010-02-16,Tuesday,482.55
2008-06-14,Saturday,1095.6
2012-02-25,Saturday,890.1
2009-10-09,Friday,700.25
2008-09-13,Saturday,849.25
2011-05-22,Sunday,1048.6
2012-02-24,Friday,898.95
2009-10-08,Thursday,448.25
2008-09-12,Friday,785.0
2011-05-21,Saturday,1331.55
2012-02-23,Thursday,669.8
2009-10-05,Monday,475.75
2008-09-11,Thursday,641.75
2011-05-16,Monday,208.15
2012-03-01,Thursday,398.25
2009-10-04,Sunday,666.75
2011-05-15,Sunday,512.05
2012-02-29,Wednesday,289.0
2008-09-10,Wednesday,316.0
2011-05-18,Wednesday,668.5
2012-02-28,Tuesday,334.0
2009-10-07,Wednesday,407.25
2012-02-27,Monday,272.9
2008-08-08,Friday,664.75
2011-05-17,Tuesday,335.7
2012-03-03,Saturday,1089.4
2008-07-02,Wednesday,920.0
2010-10-23,Saturday,183.85
2009-10-06,Tuesday,611.5
2012-03-02,Friday,782.05
2010-10-24,Sunday,8.75
2009-10-01,Thursday,649.75
2008-09-17,Wednesday,487.0
2010-10-15,Friday,769.9
2008-02-12,Tuesday,585.0
2012-01-24,Tuesday,213.5
2009-09-30,Wednesday,643.0
2008-09-16,Tuesday,345.0
2010-10-16,Saturday,664.65
2009-10-03,Saturday,711.75
2012-01-25,Wednesday,324.35
2008-02-24,Sunday,268.7
2010-10-17,Sunday,334.7
2009-10-02,Friday,1220.5
2011-09-01,Thursday,1168.15
2010-10-18,Monday,331.0
2008-02-23,Saturday,329.45
2009-07-20,Monday,607.25
2011-09-02,Friday,1129.7
2010-10-19,Tuesday,380.06
2008-02-26,Tuesday,401.15
2009-07-21,Tuesday,753.0
2010-10-20,Wednesday,424.87
2012-03-08,Thursday,721.35
2008-02-11,Monday,592.0
2011-08-24,Wednesday,624.6
2010-10-21,Thursday,308.9
2009-07-12,Sunday,1298.75
2008-02-28,Thursday,561.45
2009-07-13,Monday,986.5
2008-02-27,Wednesday,573.9
2010-10-22,Friday,264.05
2011-08-25,Thursday,931.4
2009-07-14,Tuesday,857.75
2010-04-22,Thursday,740.15
2008-03-01,Saturday,684.5
2011-08-26,Friday,1135.85
2009-07-15,Wednesday,732.5
2010-04-23,Friday,878.95
2008-02-29,Friday,727.2
2011-08-27,Saturday,1271.55
2009-07-16,Thursday,744.5
2008-03-03,Monday,455.0
2010-04-24,Saturday,1325.85
2009-07-17,Friday,849.75
2011-08-28,Sunday,1416.2
2008-03-02,Sunday,739.65
2010-04-25,Sunday,1311.9
2011-08-29,Monday,865.5
2009-07-18,Saturday,1312.25
2008-09-24,Wednesday,593.65
2010-04-18,Sunday,1384.8
2011-08-30,Tuesday,718.35
2009-07-19,Sunday,1373.2
2010-04-19,Monday,377.25
2008-09-14,Sunday,648.9
2011-08-31,Wednesday,864.35
2010-03-01,Monday,311.85
2010-04-20,Tuesday,371.25
2008-09-22,Monday,583.25
2011-11-12,Saturday,705.85
2010-03-02,Tuesday,429.1
2010-08-24,Tuesday,1298.3
2008-08-06,Wednesday,823.0
2011-11-13,Sunday,552.9
2009-12-09,Wednesday,357.0
2010-08-23,Monday,1282.35
2008-09-20,Saturday,974.0
2011-11-14,Monday,395.65
2009-12-08,Tuesday,190.45
2010-08-22,Sunday,922.45
2011-11-15,Tuesday,400.75
2009-12-03,Thursday,370.85
2008-09-21,Sunday,1087.25
2009-12-02,Wednesday,362.25
2010-08-21,Saturday,1185.9
2011-11-16,Wednesday,615.3
2009-12-01,Tuesday,319.6
2008-08-07,Thursday,673.25
2010-08-20,Friday,1102.9
2009-11-30,Monday,352.0
2011-11-17,Thursday,285.5
2008-08-05,Tuesday,708.75
2010-08-19,Thursday,597.8
2009-12-07,Monday,189.1
2008-11-02,Sunday,474.5
2011-11-18,Friday,471.75
2010-08-18,Wednesday,888.9
2009-12-06,Sunday,175.7
2008-08-04,Monday,588.0
2011-11-19,Saturday,685.0
2010-08-17,Tuesday,685.9
2009-12-05,Saturday,594.35
2008-09-19,Friday,787.25
2011-11-20,Sunday,303.7
2010-08-16,Monday,697.65
2009-12-04,Friday,687.8
2011-11-21,Monday,452.0
2008-08-03,Sunday,1055.75
2009-03-04,Wednesday,460.65
2011-12-04,Sunday,532.45
2011-02-23,Wednesday,341.95
2011-12-03,Saturday,699.35
2009-03-05,Thursday,288.5
2011-02-22,Tuesday,462.9
2008-09-18,Thursday,534.6
2011-12-10,Saturday,516.1
2009-03-06,Friday,593.74
2011-02-17,Thursday,282.7
2008-07-11,Friday,1014.95
2011-12-09,Friday,487.0
2009-03-07,Saturday,929.25
2011-01-14,Friday,811.4
2008-07-10,Thursday,876.25
2011-12-08,Thursday,343.75
2009-03-08,Sunday,827.5
2011-06-16,Thursday,661.65
2011-12-07,Wednesday,398.25
2009-03-09,Monday,500.25
2011-06-17,Friday,674.55
2007-07-27,Friday,887.0
2011-11-11,Friday,252.35
2009-03-10,Tuesday,418.0
2007-07-26,Thursday,685.0
2011-06-14,Tuesday,839.25
2011-11-10,Thursday,511.7
2009-03-11,Wednesday,679.05
2007-07-25,Wednesday,714.25
2011-06-15,Wednesday,1010.75
2011-11-09,Wednesday,374.35
2009-03-12,Thursday,583.0
2007-07-24,Tuesday,844.25
2011-06-21,Tuesday,688.4
2011-11-08,Tuesday,309.9
2009-03-13,Friday,1216.3
2007-07-31,Tuesday,666.75
2011-06-22,Wednesday,522.95
2011-11-07,Monday,152.25
2010-01-22,Friday,437.8
2007-07-30,Monday,580.25
2011-06-18,Saturday,798.55
2010-01-23,Saturday,743.45
2011-11-06,Sunday,357.85
2011-06-20,Monday,931.2
2007-07-29,Sunday,1322.0
2011-11-05,Saturday,493.35
2010-01-24,Sunday,358.4
2011-06-23,Thursday,760.85
2007-07-28,Saturday,1118.0
2011-11-04,Friday,547.0
2010-01-25,Monday,248.15
2011-06-24,Friday,1014.05
2007-08-02,Thursday,749.0
2010-01-18,Monday,395.2
2011-11-03,Thursday,309.5
2010-12-26,Sunday,451.15
2007-08-01,Wednesday,768.0
2011-11-02,Wednesday,648.5
2010-01-19,Tuesday,199.5
2010-12-25,Saturday,
2011-08-21,Sunday,938.55
2007-12-01,Saturday,517.85
2010-01-20,Wednesday,320.6
2010-12-28,Tuesday,198.75
2011-08-20,Saturday,1034.9
2007-11-30,Friday,436.19
2010-01-21,Thursday,255.2
2010-12-27,Monday,378.3
2011-08-19,Friday,756.75
2008-12-01,Monday,252.75
2007-11-29,Thursday,248.2
2010-12-30,Thursday,347.3
2007-11-28,Wednesday,231.25
2011-08-18,Thursday,833.9
2008-11-30,Sunday,460.87
2010-12-29,Wednesday,322.85
2011-08-17,Wednesday,929.45
2011-01-02,Sunday,312.45
2008-11-29,Saturday,787.0
2007-11-27,Tuesday,240.5
2011-08-16,Tuesday,653.0
2008-11-28,Friday,575.75
2010-12-31,Friday,148.95
2011-08-15,Monday,939.85
2007-11-26,Monday,251.75
2011-01-04,Tuesday,312.5
2011-08-14,Sunday,1317.35
2008-11-26,Wednesday,735.25
2011-01-03,Monday,322.8
2007-11-25,Sunday,319.75
2012-01-30,Monday,369.95
2008-11-25,Tuesday,693.4
2007-11-24,Saturday,610.75
2011-04-07,Thursday,573.55
2012-01-31,Tuesday,192.25
2008-11-24,Monday,409.0
2007-11-23,Friday,483.5
2011-04-08,Friday,657.9
2008-11-23,Sunday,647.75
2012-01-28,Saturday,901.15
2007-11-21,Wednesday,682.0
2011-04-09,Saturday,1061.45
2012-01-29,Sunday,768.9
2008-12-03,Wednesday,384.25
2008-08-01,Friday,1077.5
2011-04-10,Sunday,627.65
2008-12-02,Tuesday,486.75
2012-01-26,Thursday,308.35
2008-06-06,Friday,1274.15
2011-04-11,Monday,409.75
2012-01-27,Friday,764.55
2011-04-12,Tuesday,459.05
2009-08-03,Monday,974.5
2008-06-07,Saturday,1358.25
2011-08-23,Tuesday,1147.85
2010-07-21,Wednesday,431.35
2009-08-04,Tuesday,887.25
2010-07-22,Thursday,525.2
2008-06-08,Sunday,1252.5
2009-08-01,Saturday,1310.75
2011-08-22,Monday,755.0
2008-06-09,Monday,886.0
2010-07-23,Friday,848.05
2012-03-26,Monday,369.95
2009-08-02,Sunday,1295.75
2008-06-02,Monday,752.75
2012-03-19,Monday,335.15
2010-07-24,Saturday,1049.7
2009-08-07,Friday,1122.75
2008-06-03,Tuesday,782.95
2010-07-17,Saturday,771.5
2009-08-08,Saturday,1232.75
2008-06-04,Wednesday,901.25
2010-07-18,Sunday,1058.7
2009-08-05,Wednesday,713.25
2008-06-05,Thursday,779.4
2009-08-06,Thursday,866.0
2009-08-09,Sunday,1214.25
2010-07-19,Monday,408.05
2008-06-10,Tuesday,1063.5
2010-07-20,Tuesday,571.2
2008-06-11,Wednesday,1100.75
2010-07-25,Sunday,687.2
2009-08-10,Monday,795.75
2008-08-02,Saturday,1768.5
2010-07-26,Monday,232.25
2008-04-08,Tuesday,607.45
2011-03-25,Friday,531.55
2009-05-02,Saturday,568.25
2008-04-07,Monday,497.25
2010-05-28,Friday,1244.95
2009-05-01,Friday,544.75
2010-05-29,Saturday,1881.3
2009-04-26,Sunday,1030.5
2008-04-10,Thursday,698.9
2010-10-04,Monday,378.8
2008-04-09,Wednesday,555.67
2010-10-03,Sunday,507.8
2009-04-25,Saturday,1196.37
2008-04-04,Friday,810.5
2008-04-03,Thursday,740.45
2010-06-01,Tuesday,533.55
2009-04-24,Friday,972.0
2009-04-23,Thursday,473.0
2008-04-06,Sunday,780.95
2010-06-02,Wednesday,770.3
2008-04-05,Saturday,1088.9
2010-06-03,Thursday,670.15
2009-04-30,Thursday,567.52
2008-08-19,Tuesday,591.0
2010-06-04,Friday,1030.15
2009-04-29,Wednesday,383.0
2010-09-28,Tuesday,832.9
2008-08-20,Wednesday,891.9
2009-04-28,Tuesday,427.75
2010-09-27,Monday,711.65
2008-04-12,Saturday,1460.5
2009-04-27,Monday,490.25
2010-09-26,Sunday,1134.35
2008-04-11,Friday,1215.25
2009-12-29,Tuesday,232.15
2010-09-25,Saturday,1157.8
2008-05-04,Sunday,667.0
2009-12-30,Wednesday,535.35
2008-05-03,Saturday,1123.5
2010-10-02,Saturday,604.45
2008-05-06,Tuesday,735.5
2009-12-27,Sunday,312.95
2010-10-01,Friday,781.8
2008-05-05,Monday,336.75
2009-12-28,Monday,258.15
2010-09-30,Thursday,439.55
2008-05-08,Thursday,785.75
2009-01-01,Thursday,155.75
2008-05-07,Wednesday,577.25
2010-09-29,Wednesday,517.7
2009-01-02,Friday,429.74
2010-06-16,Wednesday,913.85
2008-05-10,Saturday,1080.2
2008-12-30,Tuesday,561.75
2008-05-09,Friday,1246.2
2010-06-15,Tuesday,705.05
2008-12-31,Wednesday,380.25
2008-05-12,Monday,617.95
2008-05-11,Sunday,1367.5
2008-12-28,Sunday,361.25
2010-06-14,Monday,541.35
2008-12-29,Monday,384.75
2010-06-13,Sunday,941.75
2008-03-12,Wednesday,527.5
2010-06-12,Saturday,1609.0
2008-12-26,Friday,650.49
2008-03-13,Thursday,561.0
2010-06-11,Friday,1513.05
2008-12-27,Saturday,452.5
2008-03-04,Tuesday,410.0
2010-06-10,Thursday,812.5
2008-12-24,Wednesday,410.5
2010-06-09,Wednesday,660.55
2008-03-05,Wednesday,501.0
2008-12-25,Thursday,
2010-06-08,Tuesday,552.9
2010-02-24,Wednesday,500.45
2008-03-06,Thursday,709.5
2010-02-23,Tuesday,215.8
2010-02-22,Monday,458.7
2008-03-07,Friday,875.25
2010-06-07,Monday,892.9
2010-02-21,Sunday,360.95
2010-02-20,Saturday,686.95
2010-02-19,Friday,439.05
2008-03-08,Saturday,914.25
2010-09-21,Tuesday,426.6
2010-02-18,Thursday,363.1
2008-03-09,Sunday,893.25
2010-09-22,Wednesday,423.4
2010-02-17,Wednesday,434.35
2010-02-26,Friday,503.73
2008-03-10,Monday,566.0
2010-09-19,Sunday,670.35
2010-02-25,Thursday,423.7
2008-03-11,Tuesday,421.55
2009-09-28,Monday,472.75
2008-11-01,Saturday,220.0
2009-09-29,Tuesday,398.75
2010-09-20,Monday,651.0
2010-09-17,Friday,705.1
2009-09-26,Saturday,1255.25
2008-10-30,Thursday,206.5
2009-09-27,Sunday,997.75
2009-09-24,Thursday,445.0
2008-10-29,Wednesday,68.5
2009-09-25,Friday,1231.5
2010-09-18,Saturday,633.4
2009-09-22,Tuesday,556.5
2009-09-23,Wednesday,693.75
2009-09-20,Sunday,1156.5
2009-09-21,Monday,746.25
2009-06-21,Sunday,1355.5
2008-10-28,Tuesday,205.25
2009-06-20,Saturday,1202.0
2008-10-27,Monday,278.5
2009-06-17,Wednesday,1259.5
2009-06-16,Tuesday,818.75
2008-10-26,Sunday,587.5
2009-06-19,Friday,1293.75
2008-10-25,Saturday,878.75
2009-06-18,Thursday,1026.25
2008-10-24,Friday,727.75
2010-09-15,Wednesday,609.55
2009-06-13,Saturday,1440.25
2008-10-21,Tuesday,727.75
2009-06-12,Friday,1096.25
2010-09-16,Thursday,524.1
2008-10-20,Monday,421.25
2009-06-15,Monday,860.5
2010-09-23,Thursday,595.4
2007-06-15,Friday,783.5
2009-06-14,Sunday,1441.5
2010-09-24,Friday,1119.1
2009-02-01,Sunday,495.0
2008-09-15,Monday,555.0
2010-06-19,Saturday,1244.9
2008-10-10,Friday,740.75
2009-01-31,Saturday,804.75
2010-06-20,Sunday,1339.0
2008-10-11,Saturday,814.75
2009-01-24,Saturday,607.5
2010-06-17,Thursday,762.45
2008-10-12,Sunday,912.35
2009-01-23,Friday,546.5
2010-06-18,Friday,1081.95
2009-01-26,Monday,337.0
2008-10-13,Monday,575.5
2010-06-23,Wednesday,675.6
2008-10-14,Tuesday,608.85
2009-01-25,Sunday,465.27
2010-06-24,Thursday,792.05
2009-01-28,Wednesday,479.0
2010-06-21,Monday,701.85
2008-10-15,Wednesday,608.5
2008-10-16,Thursday,741.75
2010-06-22,Tuesday,709.45
2008-10-17,Friday,850.75
2010-06-25,Friday,694.9
2009-01-27,Tuesday,256.75
2008-10-18,Saturday,634.5
2009-01-30,Friday,627.5
2010-06-26,Saturday,977.6
2008-10-19,Sunday,594.5
2009-01-29,Thursday,567.0
2011-01-05,Wednesday,252.35
2009-09-13,Sunday,393.25
2007-06-22,Friday,1514.0
2011-01-06,Thursday,279.6
2009-09-12,Saturday,816.5
2009-08-20,Thursday,957.25
2009-08-19,Wednesday,717.0
2007-09-16,Sunday,1081.75
2011-01-07,Friday,460.0
2009-09-17,Thursday,1018.25
2009-09-16,Wednesday,487.75
2011-01-08,Saturday,385.9
2007-09-17,Monday,438.25
2011-01-09,Sunday,461.9
2009-09-15,Tuesday,621.75
2007-09-18,Tuesday,411.5
2011-01-10,Monday,291.05
2009-09-14,Monday,599.0
2011-01-11,Tuesday,300.0
2009-08-14,Friday,991.5
2007-09-19,Wednesday,381.75
2011-01-12,Wednesday,419.7
2009-08-13,Thursday,1002.75
2007-09-12,Wednesday,328.5
2011-01-13,Thursday,483.75
2009-08-12,Wednesday,1140.75
2007-09-13,Thursday,555.75
2011-02-16,Wednesday,250.05
2009-09-18,Friday,1555.5
2007-09-14,Friday,846.25
2011-02-15,Tuesday,135.45
2009-08-18,Tuesday,652.25
2011-02-14,Monday,328.6
2007-09-15,Saturday,1117.25
2009-08-17,Monday,765.0
2009-08-16,Sunday,1063.25
2011-02-21,Monday,326.0
2009-08-15,Saturday,1207.5
2007-09-20,Thursday,452.75
2011-02-20,Sunday,530.8
2007-09-21,Friday,807.75
2009-06-30,Tuesday,720.75
2011-02-19,Saturday,504.95
2008-08-10,Sunday,954.5
2011-02-18,Friday,296.45
2009-07-01,Wednesday,736.25
2007-08-22,Wednesday,860.0
2011-04-13,Wednesday,447.25
2007-08-21,Tuesday,808.5
2009-06-28,Sunday,1270.25
2011-04-14,Thursday,470.8
2007-08-14,Tuesday,793.0
2009-06-29,Monday,828.0
2007-08-13,Monday,654.25
2009-06-26,Friday,842.0
2011-08-09,Tuesday,618.45
2009-06-27,Saturday,1838.75
2007-08-16,Thursday,760.75
2011-08-08,Monday,816.55
2009-06-24,Wednesday,670.75
2009-06-25,Thursday,847.5
2011-08-11,Thursday,742.2
2007-08-15,Wednesday,660.0
2011-08-10,Wednesday,791.15
2009-06-22,Monday,841.75
2007-08-18,Saturday,1251.75
2011-08-05,Friday,1034.2
2009-06-23,Tuesday,695.0
2011-08-04,Thursday,889.15
2007-08-17,Friday,1020.5
2009-11-28,Saturday,966.2
2011-08-07,Sunday,1414.55
2007-08-20,Monday,726.0
2009-11-29,Sunday,306.75
2011-08-06,Saturday,1057.1
2007-08-19,Sunday,1198.0
2009-11-23,Monday,469.35
2011-08-13,Saturday,1539.3
2008-08-09,Saturday,1571.0
2009-11-24,Tuesday,530.95
2007-11-10,Saturday,478.5
2011-08-12,Friday,917.55
2009-11-25,Wednesday,973.9
2007-06-21,Thursday,1242.5
2011-07-23,Saturday,1431.7
2009-11-27,Friday,809.2
2007-11-02,Friday,744.75
2011-04-05,Tuesday,499.0
2009-11-19,Thursday,267.2
2007-11-01,Thursday,406.5
2011-04-06,Wednesday,607.35
2009-11-20,Friday,632.45
2007-11-04,Sunday,486.0
2011-06-02,Thursday,619.55
2009-11-21,Saturday,551.45
2007-11-03,Saturday,875.75
2009-11-22,Sunday,437.95
2011-06-03,Friday,597.05
2007-11-06,Tuesday,338.0
2010-03-14,Sunday,954.6
2011-05-25,Wednesday,461.7
2007-11-05,Monday,155.25
2010-03-13,Saturday,950.1
2011-05-26,Thursday,568.4
2007-11-08,Thursday,308.25
2010-03-16,Tuesday,648.3
2007-11-07,Wednesday,392.5
2011-05-27,Friday,919.55
2010-03-15,Monday,678.65
2007-10-30,Tuesday,272.75
2011-05-28,Saturday,843.35
2010-03-10,Wednesday,448.85
2007-10-31,Wednesday,62.5
2010-03-09,Tuesday,585.8
2011-05-29,Sunday,1542.45
2010-03-12,Friday,548.2
2011-05-30,Monday,686.45
2007-11-09,Friday,671.75
2010-03-11,Thursday,531.7
2011-05-31,Tuesday,306.2
2007-10-26,Friday,623.5
2011-06-01,Wednesday,532.55
2010-03-18,Thursday,1152.05
2007-10-27,Saturday,645.5
2007-10-28,Sunday,733.25
2010-11-01,Monday,283.45
2010-03-17,Wednesday,709.3
2010-10-31,Sunday,155.0
2007-10-29,Monday,278.25
2009-04-08,Wednesday,455.93
2010-10-30,Saturday,430.25
2007-10-22,Monday,454.25
2009-04-07,Tuesday,445.4
2007-10-23,Tuesday,393.5
2010-10-29,Friday,365.45
2009-04-10,Friday,780.4
2007-10-24,Wednesday,456.5
2010-10-28,Thursday,205.1
2009-04-09,Thursday,510.5
2007-10-25,Thursday,398.5
2010-10-27,Wednesday,307.2
2009-04-04,Saturday,1226.21
2008-06-30,Monday,687.57
2009-04-03,Friday,814.4
2010-10-26,Tuesday,431.05
2008-07-01,Tuesday,908.95
2009-04-06,Monday,477.55
2010-10-25,Monday,401.0
2009-04-05,Sunday,1189.25
2008-06-28,Saturday,730.75
2011-03-22,Tuesday,158.6
2008-06-29,Sunday,1231.0
2009-04-12,Sunday,679.5
2011-03-23,Wednesday,156.35
2008-06-26,Thursday,691.6
2009-04-11,Saturday,936.2
2011-03-20,Sunday,616.7
2008-06-27,Friday,986.95
2009-10-27,Tuesday,344.0
2011-03-21,Monday,549.25
2008-06-24,Tuesday,637.45
2009-10-26,Monday,398.5
2011-03-18,Friday,391.25
2008-06-25,Wednesday,801.0
2009-10-25,Sunday,799.5
2011-03-19,Saturday,363.45
2008-06-22,Sunday,1327.2
2009-10-24,Saturday,1000.0
2010-11-03,Wednesday,598.1
2008-06-23,Monday,667.65
2009-10-23,Friday,969.25
2010-11-02,Tuesday,329.05
2007-06-20,Wednesday,980.0
2009-10-22,Thursday,602.25
2010-12-03,Friday,673.9
2008-08-13,Wednesday,924.25
2009-10-21,Wednesday,483.75
2010-12-04,Saturday,411.6
2008-08-14,Thursday,655.2
2009-10-20,Tuesday,393.75
2010-11-29,Monday,403.1
2008-08-11,Monday,699.25
2009-10-29,Thursday,530.5
2010-11-30,Tuesday,303.4
2007-08-03,Friday,930.25
2009-10-28,Wednesday,470.25
2010-12-01,Wednesday,351.75
2009-03-03,Tuesday,337.0
2007-08-04,Saturday,1327.75
2010-12-02,Thursday,182.4
2009-03-02,Monday,325.45
2007-08-05,Sunday,676.0
2010-11-24,Wednesday,670.1
2009-02-23,Monday,405.1
2010-11-26,Friday,404.55
2007-08-06,Monday,507.25
2009-02-22,Sunday,115.75
2010-11-27,Saturday,358.1
2007-08-07,Tuesday,547.75
2009-02-25,Wednesday,355.38
2010-11-28,Sunday,406.95
2007-08-08,Wednesday,380.0
2009-02-24,Tuesday,466.0
2011-06-26,Sunday,1085.15
2007-08-09,Thursday,635.5
2009-02-27,Friday,794.45
2011-06-25,Saturday,1316.15
2007-08-10,Friday,845.5
2009-02-26,Thursday,568.55
2011-06-28,Tuesday,248.65
2007-08-11,Saturday,1219.5
2009-03-01,Sunday,427.15
2011-06-27,Monday,596.0
2007-08-12,Sunday,951.25
2009-02-28,Saturday,821.75
2009-04-21,Tuesday,891.25
2011-06-30,Thursday,685.65
2008-08-18,Monday,455.45
2009-04-22,Wednesday,707.0
2011-06-29,Wednesday,712.85
2007-07-09,Monday,641.75
2009-04-17,Friday,1045.5
2011-07-02,Saturday,1667.15
2007-07-08,Sunday,909.5
2011-07-01,Friday,1608.9
2009-04-18,Saturday,1382.5
2007-07-11,Wednesday,695.25
2011-07-04,Monday,672.95
2009-04-19,Sunday,1493.8
2007-07-10,Tuesday,583.0
2009-04-20,Monday,1013.5
2007-07-05,Thursday,1151.75
2011-07-03,Sunday,1895.5
2009-04-13,Monday,510.75
2007-07-04,Wednesday,420.75
2011-04-02,Saturday,1109.95
2009-04-14,Tuesday,357.4
2007-07-07,Saturday,1448.0
2011-04-01,Friday,1243.8
2009-04-15,Wednesday,546.0
2007-07-06,Friday,1120.75
2011-03-31,Thursday,996.2
2009-04-16,Thursday,751.3
2008-08-16,Saturday,1053.75
2009-12-23,Wednesday,341.2
2011-03-30,Wednesday,814.55
2007-07-13,Friday,1394.25
2009-01-06,Tuesday,367.49
2011-03-29,Tuesday,707.65
2007-07-12,Thursday,829.0
2009-01-05,Monday,344.25
2007-12-02,Sunday,369.75
2011-03-28,Monday,418.0
2009-01-04,Sunday,293.5
2007-12-03,Monday,417.25
2011-03-27,Sunday,641.2
2009-01-03,Saturday,538.25
2007-12-04,Tuesday,237.25
2011-03-26,Saturday,825.15
2009-01-10,Saturday,887.75
2011-04-04,Monday,662.25
2007-12-05,Wednesday,494.45
2009-01-09,Friday,598.24
2011-04-03,Sunday,996.75
2009-01-08,Thursday,281.0
2009-01-07,Wednesday,322.0
2007-12-06,Thursday,108.25
2010-07-10,Saturday,972.1
2007-12-07,Friday,491.25
2009-01-12,Monday,440.49
2010-07-09,Friday,964.6
2009-01-11,Sunday,534.5
2010-07-08,Thursday,620.2
2007-12-08,Saturday,425.25
2007-12-09,Sunday,378.75
2009-08-31,Monday,673.0
2010-07-07,Wednesday,610.15
2010-07-14,Wednesday,943.9
2009-08-30,Sunday,906.0
2007-12-10,Monday,297.0
2010-07-13,Tuesday,695.8
2007-12-11,Tuesday,307.45
2008-11-03,Monday,137.5
2010-07-12,Monday,468.4
2008-08-12,Tuesday,627.25
2008-11-02,Sunday,474.5
2008-08-17,Sunday,917.5
2010-07-11,Sunday,732.45
2008-11-06,Thursday,403.75
2008-03-30,Sunday,872.45
2010-07-16,Friday,723.45
2008-11-05,Wednesday,87.75
2008-03-31,Monday,499.0
2010-07-15,Thursday,705.45
2008-03-28,Friday,662.8
2008-11-08,Saturday,731.93
2011-03-16,Wednesday,429.4
2008-11-07,Friday,685.5
2008-03-29,Saturday,780.7
2011-03-17,Thursday,593.35
2008-11-10,Monday,472.0
2008-03-26,Wednesday,664.2
2010-11-12,Friday,415.65
2008-11-09,Sunday,325.5
2008-03-27,Thursday,727.85
2008-11-12,Wednesday,287.1
2008-03-24,Monday,780.45
2010-11-13,Saturday,572.2
2008-11-11,Tuesday,513.75
2008-03-25,Tuesday,799.4
2010-11-10,Wednesday,367.0
2009-12-17,Thursday,406.9
2008-07-09,Wednesday,732.75
2009-01-17,Saturday,741.75
2010-11-11,Thursday,497.05
2010-11-08,Monday,314.2
2008-07-08,Tuesday,908.95
2009-01-18,Sunday,587.5
2009-01-19,Monday,702.75
2008-07-07,Monday,884.25
2010-11-09,Tuesday,172.4
2009-01-20,Tuesday,346.25
2008-07-06,Sunday,943.5
2010-11-06,Saturday,660.25
2009-01-13,Tuesday,581.0
2008-07-05,Saturday,1094.5
2010-11-07,Sunday,660.25
2010-11-04,Thursday,401.05
2009-01-14,Wednesday,507.25
2008-07-04,Friday,380.25
2008-04-01,Tuesday,518.75
2010-11-05,Friday,804.95
2009-01-15,Thursday,614.5
2008-04-02,Wednesday,401.95
2009-01-16,Friday,951.25
2010-04-06,Tuesday,674.85
2009-09-08,Tuesday,477.0
2008-05-15,Thursday,1267.75
2010-04-07,Wednesday,683.85
2008-05-16,Friday,1551.7
2009-01-21,Wednesday,330.0
2010-03-31,Wednesday,178.75
2009-01-22,Thursday,372.24
2008-05-13,Tuesday,883.5
2010-04-01,Thursday,555.45
2010-03-29,Monday,344.25
2008-05-14,Wednesday,1148.5
2009-09-09,Wednesday,659.5
2008-05-19,Monday,483.0
2010-03-30,Tuesday,432.25
2009-12-13,Sunday,374.85
2009-12-12,Saturday,257.65
2010-04-04,Sunday,185.4
2008-05-20,Tuesday,478.25
2009-02-10,Tuesday,243.0
2010-04-05,Monday,504.35
2008-05-17,Saturday,1465.75
2010-04-02,Friday,675.2
2009-02-11,Wednesday,219.75
2010-04-03,Saturday,955.1
2008-05-18,Sunday,824.25
2009-02-04,Wednesday,425.75
2010-09-10,Friday,1018.2
2008-05-21,Wednesday,770.4
2010-09-09,Thursday,577.4
2008-05-22,Thursday,784.65
2010-09-12,Sunday,510.15
2009-02-05,Thursday,384.25
2008-01-23,Wednesday,396.75
2010-09-11,Saturday,965.4
2009-02-02,Monday,388.0
2008-01-22,Tuesday,352.5
2010-09-06,Monday,1276.95
2010-09-05,Sunday,1099.25
2010-09-08,Wednesday,360.4
2010-09-07,Tuesday,640.5
2008-08-15,Friday,1015.75
2010-09-14,Tuesday,472.9
2009-02-03,Tuesday,331.0
2010-09-13,Monday,422.3
2008-01-19,Saturday,699.65
2009-02-08,Sunday,431.5
2008-01-18,Friday,656.4
2010-06-28,Monday,627.35
2009-02-09,Monday,279.55
2010-06-27,Sunday,1252.95
2009-02-06,Friday,479.0
2010-06-30,Wednesday,929.05
2009-02-07,Saturday,764.6
2008-01-21,Monday,347.7
2010-06-29,Tuesday,646.35
2009-09-04,Friday,1342.0
2010-07-02,Friday,947.2
2009-09-05,Saturday,1244.75
2010-07-01,Thursday,1056.25
2009-09-06,Sunday,1387.5
2009-09-07,Monday,1090.5
2008-01-20,Sunday,439.2
2009-08-29,Saturday,1801.0
2010-07-04,Sunday,568.45
2009-09-01,Tuesday,868.75
2009-09-02,Wednesday,1076.54
2010-07-03,Saturday,835.15
2008-01-15,Tuesday,245.75
2010-07-06,Tuesday,654.85
2008-01-14,Monday,345.2
2009-09-03,Thursday,1244.0
2008-01-17,Thursday,466.5
2010-07-05,Monday,479.2
2009-08-25,Tuesday,735.5
2008-01-16,Wednesday,328.9
2011-01-24,Monday,384.5
2009-08-26,Wednesday,717.02
2008-07-12,Saturday,1061.45
2011-01-23,Sunday,783.1
2011-01-22,Saturday,987.45
2009-08-27,Thursday,1142.63
2008-07-13,Sunday,1137.25
2011-01-21,Friday,862.55
2009-08-28,Friday,1591.25
2008-07-14,Monday,542.0
2011-01-20,Thursday,492.15
2008-07-15,Tuesday,764.0
2009-08-21,Friday,1312.75
2011-01-19,Wednesday,486.3
2008-07-16,Wednesday,700.5
2009-08-22,Saturday,981.25
2011-01-18,Tuesday,312.5
2008-07-17,Thursday,770.0
2009-08-23,Sunday,927.75
2011-01-17,Monday,538.75
2008-07-18,Friday,969.45
2009-08-24,Monday,578.0
2011-01-16,Sunday,691.9
2008-07-19,Saturday,1299.75
2011-01-15,Saturday,592.65
2008-07-20,Sunday,784.0
2009-05-26,Tuesday,580.75
2010-05-01,Saturday,1179.2
2008-07-21,Monday,665.95
2009-05-25,Monday,708.75
2008-04-20,Sunday,695.2
2009-05-24,Sunday,1047.5
2010-04-30,Friday,959.0
2008-04-19,Saturday,1077.2
2009-05-23,Saturday,1320.0
2008-04-18,Friday,890.74
2009-05-30,Saturday,1275.63
2010-08-14,Saturday,1176.65
2009-05-29,Friday,622.0
2008-04-17,Thursday,860.25
2010-08-15,Sunday,871.6
2010-05-05,Wednesday,638.3
2009-05-28,Thursday,517.0
2008-04-16,Wednesday,629.25
2008-04-15,Tuesday,299.5
2010-05-04,Tuesday,751.85
2009-05-27,Wednesday,584.75
2010-05-03,Monday,1062.1
2008-04-14,Monday,448.0
2008-04-13,Sunday,1231.0
2009-06-01,Monday,423.75
2010-05-02,Sunday,1236.5
2010-08-08,Sunday,513.95
2009-05-31,Sunday,989.25
2008-04-22,Tuesday,398.7
2010-08-09,Monday,674.7
2008-04-21,Monday,524.2
2009-11-10,Tuesday,351.5
2009-11-09,Monday,212.25
2008-01-12,Saturday,709.6
2010-08-06,Friday,722.8
2009-11-12,Thursday,415.75
2008-01-13,Sunday,478.45
2009-11-11,Wednesday,504.55
2010-05-06,Thursday,591.25
2008-01-10,Thursday,236.65
2010-08-12,Thursday,614.45
2008-01-11,Friday,448.65
2009-11-14,Saturday,906.25
2010-08-13,Friday,586.55
2010-08-10,Tuesday,469.65
2010-08-11,Wednesday,695.57
2008-01-08,Tuesday,325.95
2009-11-13,Friday,614.5
2008-01-09,Wednesday,183.2
2011-03-15,Tuesday,305.4
2008-01-06,Sunday,313.15
2009-11-16,Monday,296.0
2011-03-14,Monday,339.15
2008-01-07,Monday,286.75
2009-11-15,Sunday,707.0
2008-01-03,Thursday,267.5
2009-11-18,Wednesday,313.75
2011-03-13,Sunday,398.25
2008-01-04,Friday,641.55
2009-11-17,Tuesday,305.75
2007-06-18,Monday,1033.75
2009-12-19,Saturday,447.95
2009-12-18,Friday,496.35
2008-07-30,Wednesday,620.5
2011-03-12,Saturday,758.35
2010-03-25,Thursday,531.4
2008-07-31,Thursday,724.5
2010-05-14,Friday,1157.15
2010-03-26,Friday,1271.6
2010-05-15,Saturday,1023.35
2008-07-22,Tuesday,646.0
2010-03-23,Tuesday,806.1
2008-07-23,Wednesday,835.0
2010-05-12,Wednesday,631.2
2010-03-24,Wednesday,578.5
2008-07-24,Thursday,746.25
2010-05-13,Thursday,591.45
2010-03-21,Sunday,1185.0
2008-07-25,Friday,1010.0
2010-05-10,Monday,359.5
2010-03-22,Monday,898.55
2008-07-26,Saturday,1404.25
2010-05-11,Tuesday,688.75
2010-03-19,Friday,1490.25
2010-05-08,Saturday,1246.1
2008-07-27,Sunday,1119.25
2008-07-28,Monday,668.75
2010-03-20,Saturday,1314.35
2010-05-09,Sunday,792.9
2008-07-29,Tuesday,804.25
2010-03-27,Saturday,1551.15
2007-06-17,Sunday,1381.0
2010-03-28,Sunday,965.85
2010-05-16,Sunday,802.0
2009-03-30,Monday,594.25
2007-08-29,Wednesday,605.75
2007-08-30,Thursday,680.25
2010-05-17,Monday,246.55
2009-03-31,Tuesday,552.25
2007-08-27,Monday,717.75
2010-05-30,Sunday,1237.05
2007-08-28,Tuesday,674.0
2009-03-28,Saturday,1235.25
2010-05-31,Monday,1143.65
2007-08-25,Saturday,1280.85
2011-07-13,Wednesday,983.55
2009-03-29,Sunday,895.87
2007-08-26,Sunday,817.75
2011-07-14,Thursday,749.95
2009-03-26,Thursday,684.5
2007-08-23,Thursday,535.5
2009-03-27,Friday,1103.5
2010-12-14,Tuesday,279.3
2007-08-24,Friday,840.25
2009-03-24,Tuesday,560.75
2010-12-13,Monday,270.1
2007-08-31,Friday,1164.0
2009-03-25,Wednesday,662.25
2010-12-08,Wednesday,245.35
2007-09-01,Saturday,1087.5
2009-04-01,Wednesday,495.6
2010-12-07,Tuesday,385.35
2008-02-15,Friday,555.75
2009-04-02,Thursday,482.25
2010-12-06,Monday,316.9
2008-02-16,Saturday,872.35
2010-12-05,Sunday,248.45
2009-12-15,Tuesday,280.65
2008-02-13,Wednesday,572.65
2009-07-09,Thursday,818.75
2008-02-14,Thursday,632.9
2010-12-12,Sunday,466.75
2008-02-19,Tuesday,251.0
2009-07-08,Wednesday,922.5
2010-12-11,Saturday,403.7
2009-07-07,Tuesday,633.25
2008-02-20,Wednesday,327.9
2010-12-10,Friday,426.8
2009-07-06,Monday,694.5
2008-02-17,Sunday,486.75
2010-12-09,Thursday,536.95
2009-07-05,Sunday,830.75
2008-02-18,Monday,473.0
2010-06-05,Saturday,1341.8
2009-07-04,Saturday,392.25
2008-02-21,Thursday,327.0
2010-06-06,Sunday,1125.45
2009-07-03,Friday,1206.5
2008-02-22,Friday,484.25
2011-07-11,Monday,718.1
2009-07-02,Thursday,887.25
2007-06-16,Saturday,1214.75
2011-07-12,Tuesday,802.85
2010-01-26,Tuesday,313.35
2007-07-16,Monday,637.0
2007-07-17,Tuesday,746.5
2011-02-06,Sunday,854.25
2010-01-27,Wednesday,470.2
2007-07-14,Saturday,1513.0
2011-02-07,Monday,525.5
2009-07-11,Saturday,1154.25
2007-07-15,Sunday,1312.75
2011-02-04,Friday,791.4
2009-07-10,Friday,976.0
2007-07-20,Friday,933.25
2011-02-05,Saturday,1237.1
2008-12-12,Friday,718.0
2007-07-21,Saturday,1333.5
2011-02-10,Thursday,471.65
2008-12-13,Saturday,440.5
2007-07-18,Wednesday,792.0
2011-02-11,Friday,729.9
2009-12-14,Monday,293.8
2008-12-04,Thursday,280.5
2007-07-19,Thursday,810.0
2011-02-08,Tuesday,409.6
2007-07-22,Sunday,1104.25
2011-02-09,Wednesday,494.55
2007-07-23,Monday,751.5
2008-12-05,Friday,615.6
2011-07-09,Saturday,1131.6
2007-09-27,Thursday,461.0
2011-07-10,Sunday,1353.85
2008-12-06,Saturday,651.25
2007-09-26,Wednesday,792.0
2011-02-12,Saturday,1054.25
2008-12-07,Sunday,247.25
2007-09-29,Saturday,998.0
2011-02-13,Sunday,738.45
2007-09-28,Friday,642.25
2011-07-05,Tuesday,1003.65
2008-12-08,Monday,401.25
2007-09-23,Sunday,454.0
2011-07-06,Wednesday,1042.5
2008-12-09,Tuesday,327.75
2007-09-22,Saturday,768.5
2008-12-10,Wednesday,317.25
2011-07-07,Thursday,826.5
2007-09-25,Tuesday,507.0
2011-07-08,Friday,864.25
2008-12-11,Thursday,366.9
2007-09-24,Monday,511.75
2010-01-29,Friday,501.4
2010-01-28,Thursday,498.2
2007-10-01,Monday,468.5
2007-09-30,Sunday,1087.25
2010-01-31,Sunday,607.85
2007-06-23,Saturday,1638.5
2010-01-30,Saturday,887.85
2008-09-28,Sunday,645.25
2010-02-02,Tuesday,325.4
2008-08-23,Saturday,1074.7
2010-02-01,Monday,402.2
2010-02-04,Thursday,173.55
2010-02-03,Wednesday,453.01
2010-02-06,Saturday,757.1
2010-02-05,Friday,659.5
2009-10-18,Sunday,581.75
2009-10-19,Monday,321.75
2009-10-10,Saturday,553.75
2009-10-11,Sunday,478.75
2009-10-12,Monday,229.25
2009-10-13,Tuesday,24.25
2009-10-14,Wednesday,426.75
2009-10-15,Thursday,522.5
2009-10-16,Friday,1174.25
2009-10-17,Saturday,1059.0
2009-12-16,Wednesday,584.25
2009-12-11,Friday,466.4
2009-12-10,Thursday,198.1
2009-08-11,Tuesday,687.0
2009-02-20,Friday,520.75
2009-02-21,Saturday,583.0
2009-02-14,Saturday,738.5
2009-02-15,Sunday,237.75
2009-02-12,Thursday,447.95
2009-02-13,Friday,450.0
2009-02-18,Wednesday,272.75
2009-02-19,Thursday,531.0
2009-02-16,Monday,208.25
2009-02-17,Tuesday,201.25
2009-05-14,Thursday,686.0
2009-05-13,Wednesday,759.0
2009-05-16,Saturday,1861.25
2009-05-15,Friday,1409.75
2009-05-18,Monday,495.0
2009-05-17,Sunday,1278.75
2009-05-20,Wednesday,670.5
2009-05-19,Tuesday,642.25
2009-05-22,Friday,834.75
2009-05-21,Thursday,537.5
